Desc,Address
Shop1,251 Pantigo Road Hampton Bays NY 11946
Shop2,Amagensett Quiogue NY 11978
Shop3,789 Main Street Hampton Bays NY 11946
Shop4,30 Abrahams Path Hampton Bays NY 11946
Shop5,3 Winnebogue Ln Westhampton NY 11977
Shop6,44 White Oak Lane Montauk NY 11954
Shop7,107 stoney hill road Bridgehampton NY 11932
Shop8,250 Pantigo Rd Hampton Bays NY 11946
Shop9,250 Pantigo Rd Hampton Bays NY 11946
Shop10,44 Woodruff Lane Wainscott NY 11975
Shop11,Address East Hampton NY 11937
Shop12,Address Amagansett NY 11930
Shop13,Address Remsenburg NY 11960 
Shop14,Address Westhampton NY 11977
Shop15,prop address Westhampton Dunes NY 11978
Shop16,prop address East Hampton NY 11937
Shop17,Address East Hampton NY 11937
Shop18,Address Southampton NY 11968
Shop19,Address Bridgehampton NY 11932
Shop20,Address Sagaponack NY 11962
Shop21,A totally bogus address
